sentence1	sentence2	gold_label
In a martial arts demonstration a man with two swords faces a woman with a Chinese spear.	The woman is watching.	neutral
A woman wearing a green shirt stands on the railroad tracks.	A railroad employee stands on the train tracks.	neutral
A woman in a red polka-dot dress sings into a mic.	A woman is wearing a dress.	entailment
A man not wearing a shirt is pouring something out a can while sitting on sand in front of a orange and red tent.	A man is walking down the trail.	contradiction
Two brown dog grapple each other in a sandy area.	Two dogs are playing outside.	entailment
A nude woman submerges herself in a natural pool.	A man jumps in the river.	contradiction
A person dressed in a blue coat is standing in on a busy sidewalk, studying painting of a street scene.	A person is buying a painting of a street scene	neutral
A man with a visor and blue top has thrown a Frisbee off into the distance.	A man is throwing a frisbee.	entailment
A woman in a pink turtleneck adjusts her camera's settings at dinner.	The camera is broke.	contradiction
A soccer player in green runs down the field.	The player in green is plaing a sport.	entailment
A middle-aged couple is dancing, the man is wearing a white dress shirt with the sleeves rolled up and the woman is wearing a black dress.	A well-dressed couple is dancing together.	entailment
Young punk rock guitarist, wearing a red lined jacket with a badge, is in front of foggy blue and purple lighting.	A guitarist stands in front of foggy lighting	entailment
A man walks through a pathway.	A man walks through the pathway	entailment
A guy is practicing his kicks on a punching bag in the gym.	There is no punching bag in the gym.	contradiction
"A boy stands outside of ""TheFaceShop"" looking at an electronic device, while a man leans against the corner of the store."	A boy is window shopping.	entailment
Two women in a whirlpool with towels on the heads laughing.	Two sad women in a whirlpool with towels on the heads laughing.	neutral
Food is being served outside of a stadium.	Vending near large building.	entailment
A man holding a newborn baby.	A man is holding his wife.	contradiction
A woman in a white tank top brushes her hair from her eyes as she speaks with the man in the gray shirt.	Two people are having a conversation.	entailment
People are walking down a grassy hill with a fence behind them.	People are outdoors.	entailment
People shopping in an open produce market.	People buying produce in an outdoor market	entailment
A woman standing next to a car in the street speaking to the driver.	A male watching football on TV.	contradiction
three children are watching a movie.	Humans watching a movie.	entailment
People with their back to the camera walk down a wide alley.	The people are walking through a desert.	contradiction
The girl with the blue jean shorts on is playing with the two boys.	A girls plays with her two brothers.	neutral
Several men socialize under a tent.	A bunch of guys are having a party.	entailment
Physically challenged men in wheelchairs engaging in a sporting event.	A man in a wheelchair plays basketball.	neutral
a man in a pink shirt herding goats in a ring	A man is hearding goats	entailment
A boy wearing a blue swimsuit begins to slide down a water slide.	The boy's swimsuit is red.	contradiction
A woman in purple riding a brown horse, competitively.	The woman rides horses.	entailment
A man in blue jeans is sitting in front of a Canadian bank.	A man is cashing his paycheck at a bank.	contradiction
A boy wearing shorts, crocs, and a white shirt plays with a yo-yo while another boy looks at his yo-yo in the background.	He is happy	neutral
2 people wearing sunglasses with red mohawks are sitting at an ASUS laptop.	The people are near the laptop.	entailment
A guy sitting on a stool in a light tan shirt and darker tan shorts with glasses around his neck working on a project.	The man is working on a laptop computer.	neutral
"Three older women in a living room, decorated for Christmas, a ""VAIO"" notebook is the center of attention."	Three women are in the room.	entailment
A female wearing an orange hoodie sweater, cropped reddish hair, sitting on a park bench, holding a beverage glass.	The girl is wearing a red jacket	contradiction
A woman in a trench coat walks down the street.	A woman in a black coat walks in high heels	neutral
People enjoying cookout food in a public park.	Many people are eating outside.	entailment
The big white cow is decorated with a red ball of yarn.	The cow is covered in tangled yarn.	neutral
People in business attire, walk down an alleyway.	People in casual attire walk along a street	contradiction
A woman in a multicolored dress is holding a plastic cup while gesturing with the other hand.	The dress is a single color	contradiction
A bicycle is parked in front of a shop that has a large orange sign.	A bike is chained to the bike rack outside of the shop.	neutral
Many army men in a line holding guns in green suits walking down a concrete road with a big building in the background.	Army men march down a road in uniform for a parade.	neutral
A dirty boat sits in murky water as workers tend to their jobs.	A boat in sitting in murky water	entailment
One African American man is looking through a microscope and there is a poster that says blood cells hanging on the wall.	The man is looking at a person.	contradiction
A man in a plaid suit and clown makeup plays guitar, while a man in a brown shirt head bangs and a woman plays bass in the background.	The three musicians are preparing for a live performance later that evening.	neutral
Man pushing his cart with personal items.	A man pushes a cart.	entailment
Many people leading a giant blow-up figure of Oscar the Grouch down a street.	The blow-up figure is Karl Marx.	contradiction
A baseball player is sliding across home plate in order to score a run for his team.	Nobody is sliding.	contradiction
Several bikers are going down one side of a four lane road while passing buildings that seem to be composed mostly of shades of brown and peach.	A group of bikers are riding down a road past some buildings.	entailment
A surgeon and surgical staff operating on a patient.	A surgeon is doing a hip replacement.	neutral
A lot of people walking on a dirt road, wearing summer clothes on a sunny day.	A group of people walking.	entailment
Fans watching a basketball game indoors at a stadium.	Fans watching a cricket game indoors at a stadium.	contradiction
Person hanging upside down from poles	Gymnast hanging upside down.	neutral
one woman holding flowers and two men on a bench	A woman is holding daisies by two men on a bench.	neutral
People are crossing a tree lined street in front of a building.	Several persons are seen swimming across the channel.	contradiction
A young boy in a t-shirt, sweats and a red hat, skateboarding in a skateboard arena, with an audience on the side and blue skies above.	a boy skates at a skateboarding competition	neutral
A person sitting on tan bench and man in green shirt standing on black and gray floor.	The men are in a retro diner.	neutral
A man wearing a black shirt and sweater is looking down.	the guy wearing the black shirt and sweater was looking down	entailment
A man in a gladiator costume plays on his phone.	A performer is playing a game on his phone in between shows.	neutral
A man and woman are apparantly laughing.	The husband and his wife are remembering good times.	neutral
Three men are talking over drinks.	Three men have drinks.	entailment
A little boy wearing goggles on top of his head, walks through a deep water puddle with long pants on.	A boy is splashing through a puddle for fun.	neutral
Two construction workers cutting a piece of concrete road.	One man sips a cup of coffee while leaning back at his desk.	contradiction
Two guys, one wearing a white shirt and one wearing a gray shirt, are in the street in front of a white van, one motioning towards the camera while the other claps.	Two guys are filming something	entailment
A photographer peeks out between rocky hills to take a picture.	Paparazzi wait in cars to photograph Madonna.	contradiction
A man in shorts, t-shirt and a baseball cap sleeps in the back of a vehicle next to luggage.	A human sleeping	entailment
A man in a green machine is cleaning a pump in front of the Drake hotel.	A man is cleaning a pump in front of a building.	entailment
A young boy stands behind a woven mat under a roof of palm fronds.	A boy stands under shelter.	entailment
Two men near a building, one smoking and pulling off a leather glove, and the other man is standing wearing a blue construction helmet.	There are at least three people in the photo.	entailment
An elderly man reads a newspaper next to some garbage cans and a wall covered in graffiti.	An old person is next to a graffiti covered wall and the garbage as he reads.	entailment
A man surfing on a big green wave.	A man on the beach is holding a surfboard.	contradiction
A group of four people in blue clothes cleaning a hillside in front of a small town.	Four people are wearing blue	entailment
A girl sitting in a chair while waiting for something.	There is a child in this picture	entailment
A woman in a blue blouse leans over a pool table with her cue in hand and an eight ball on the table.	A woman is playing pool.	entailment
People enjoy picnics in park on nice warm day.	It is warm outside	entailment
A band consisting of two males and a female perform on stage in front of a giant red heart.	A band is performing on Valentine's Day.	neutral
A pitbull dog is biting another dog on the face.	Two dogs playing in the grass.	contradiction
A Chinese farmer is working in a field.	A Chinese farmer is being lazy and sleeping in a field	contradiction
Two men giving a presentation or speech to a group of individuals sitting in red chairs.	The people are inside.	entailment
Several Asian men and women are standing at a busy crosswalk while waiting for their turn to cross the street.	A man stands by himself on the street.	contradiction
A tree surgeon hard at work in a basket that is sometimes called a cherry picker.	the surgean is a woman	neutral
Two men haul scrap wood and metal.	Two women sew a blanket together.	contradiction
A small brown dog is playing with a fuzzy slipper.	The dog is still a puppy.	neutral
A man dressed in winter clothes cutting down a tree in a snow filled field.	A man is cutting down a tree in a field.	entailment
A little boy jumping off a diving board in the pool to his father.	A boy jumps of the kiddie diving board to his father.	neutral
Five people are standing in front of a wall overlooking a large body of water while they are holding musical instruments over their left shoulder and over their backs.	A group of people hold musical instruments near a pond.	entailment
A man in a crowd is expressing his opinion.	A woman in a crowd is expressing his opinion.	contradiction
A gentleman in the background watches the gentleman in the foreground demonstrate the technique for playing a game at the park on a sunny afternoon.	A man watches another man on a sunny afternoon.	entailment
A German shepherd biting the protected arm of an attack trainer.	A dog bites an arm.	entailment
a man is shaping wood with a lathe in his workspace.	The wood is in the man's workspace.	entailment
The old man has a long white beard and a yellow and black hat.	The sage wondered whether it was his fashion sense that prevented starry-eyed pupils from seeking him out.	neutral
A crowd of people are walking, they are mostly dressed in white.	Some people sit at a funeral.	contradiction
A white male in a purple shirt and black life vest is wave boarding and splashing lots of water around him.	The male is splashing lots of water	neutral
A group of five people stand outdoors.	Six people are in line for dinner.	contradiction
A woman wearing a Little Mermaid costume stands in front of a bright red phone booth.	boy eats many cookies	contradiction
A dog runs through the grass.	A dog outside.	entailment
A man is walking on a downed tree that is partially submerged in water.	A man is walking over a tree to get across some water.	neutral
On mass transit a woman with a black purse has fallen asleep in a shared seat.	The lady is sleeping on a stranger.	neutral
A view of a straight road with a woman jogging along the side.	A female is jogging to prepare for the marathon.	neutral
Two little girls, both dressed in pink, play on the jungle gym.	Two little girls are climbing.	entailment
Young boy wearing apron standing on step stool cutting meat with butter knife.	There is a young boy working in this picture.	entailment
An asian man tries to jaywalk on a street with heavy traffic.	The man does not use the crosswalk	entailment
A group of men walk down the middle of a street that has poles lining the street.	An all female group is on a desolate dirt road.	contradiction
A dog leaps through a snowy field.	A dog is outside.	entailment
A brown dog with a green ball sit in the snow.	There is an animal outside.	entailment
An older man with white hair and beard reading a map as he's walking through an unfamiliar city.	The man is sitting on a park bench.	contradiction
A smiling woman talks on a cellphone.	A person calls her parents to let them know she got a new job.	neutral
Two men in plaid shirts riding horses and they are lassoing a calf.	Two men on top of horses	entailment
A woman with blond-hair and wearing a pink top is singing in a club.	The man wore a grey top to the club.	contradiction
A black woman wearing an orange shirt is taking a snapshot.	The woman in the yellow shirt is talking to her friend.	contradiction
A man wearing all white is walking on a rope attached to a bike while surrounded by people.	A man is sitting on the ground	contradiction
A little girl in a yellow dress lays on a wooden floor surrounded by flowers.	A girl is laying on the floor next to flowers.	entailment
A little girl riding on a man's shoulders.	A girl rides a man's shoulders.	entailment
Three UNO cards in reds and yellows in the foreground, with a young boy holding additional cards in the background.	Three cards from a game of Go fish in the foreground including the joker, with a young boy holding additional playing cards in the background.	contradiction
Two people walk down the street in a blur of motion.	two people are walking	entailment
A woman is holding a bouquet of tissue paper flowers while two men look on from the porch.	Two men watch a woman holding tissue paper flowers.	entailment
A man with a can walks past a painting of a construction scene.	Women are seated at a diner.	contradiction
A large group of men in military garb standing on a field with a crowd behind them.	if the men sneeze they bounce like a gimmy bear	contradiction
Little boy in a red Radio Flyer Town and Country wagon.	A wagon has very large wheels.	neutral
In a science museum looking through a telescope.	A person is looking through a telescope in a museum exhibit.	entailment
People in costumes are walking around in the street.	People dressed in costumes are outdoors	entailment
A tall man with a bright colored coat looks down as he stands in a marketplace.	A tall man stands guard at a vault door.	contradiction
A smiling man with long hair and a beard is standing outside, wearing a teal jumpsuit, a hat, and protective ear-gear.	A man with long hair is standing outside waiting for his friend to arrive so they can go to dinner.	neutral
A blond-haired child squeezes paint onto a spinning wheel.	A great person squeezing	neutral
Many men on the back of a pick up truck going down a road.	A truck full of women is going down the road.	contradiction
A man wearing a helmet has his hand up in the air and is shouting in a similar way the crowd behind his doing.	two men sit contemplatively	contradiction
A man and two children sleeping.	The man is drinking a beer in a pub.	contradiction
Five children sitting on a set of steps that are located outside.	Several kids are standing outside near the stairway.	contradiction
The man and the woman are sitting at a table in a food court.	The man and woman are at a mall.	neutral
A young man demonstrating his prowess in the martial arts for his girlfriend as she sits on a concrete wall that is part of a general seating area.	His girlfriend is uninterested in his moves.	neutral
A man sitting next to tires in a showroom containing race cars lined up with hoods opened.	A man is sitting next to tires.	entailment
A man in a black jacket, burgundy shirt and blue jeans, walking past a newspaper vendor stand in a crowded subway station.	a boy wearing a jacket and jeans shuffles past a vendor in a busy train station	entailment
Some people are walking on a walkway in front of a mural on the side of a building.	People are walking	entailment
Four people looking through a fence at something.	The people are all blind and hopping on pogo sticks.	contradiction
Three children are playing in sand near to the beach.	The children are building a sand castle.	neutral
A young man in a gray t-shirt, wearing glasses, is smearing something white on a colorful, decorated wall.	A man is smearing something on a wall.	entailment
A man in a black hat and blue shirt juggling.	A man is juggling	entailment
Three young boys playing in the woods.	Three young boys play video games in their bedroom.	contradiction
A woman enjoying some food with her thumb in her mouth.	Woman talking on telephone.	contradiction
A young women in a green shirt and blue shorts is walking past a man with a grocery card full of clothes.	the young women is wearing green shorts and a blue shirt	contradiction
There is snow on the ground and a bit on the roof of Adirondack Express.	The Adirondack Express and ground are covered in snow.	entailment
A kerchief-wearing man is sweeping debris at an event.	The event is a prom.	neutral
A man talking to a family unit holding some sort of probing device as they look on and smile to be polite.	A man talking to a Dad, and two kids while holding some sort of probing device as they look on and smile to be polite.	neutral
A group of children are playing on swings.	Some humans	entailment
A couple of african children are wearing balloon hats, and are gazing at something.	The children have part of their head covered by balloons.	entailment
Little boy about 5 or 6 years old wearing dark blue, dripping wet in either a lake or river.	A young boy is swimming in a lake.	neutral
A surfer in a blue wetsuit catches a wave while spectators watch in the foreground.	A surfer is in a blue wetsuit	entailment
A man taking a cellphone picture of a woman in white on a crowded street.	A woman takes a picture of a child.	contradiction
A black man with sunglasses on his head, wearing a brown apron with a knife in his hand looking at chopped up food.	A man with pink sunglasses looking at chopped up nuts.	neutral
A dentist patient is having his teeth looked at	The dentist is pulling out the patients teeth.	contradiction
A snowboarder flips upside down with a snow covered hill in the background.	Someone is snowboarding outside.	entailment
A sad looking dog sitting next to shrubs.	A sad dog sits beside some bushes.	entailment
A girls is jumping in the sand.	She is at the beach in her bathing suit.	neutral
An elderly woman wearing a flower shirt patiently waits for the train to stop.	An elderly lady waiting for her train.	neutral
A smiling woman in a black suit is standing in front of an audience in a bookstore or library, holding a book and smiling at them.	The woman is smiling.	entailment
A brown dog playfully bites a white dog.	the dogs are together	entailment
A man with an olive green shirt and messy hair plays a colorful drum set.	A rock band is performing.	neutral
A little girl is licking a dinner plate and getting food all over her face.	Kids are running wild while eating	contradiction
Three young men and a young woman wearing sneakers are leaping in midair at the top of a flight of concrete stairs.	Three guys and a girl leap in mid air on top of some stairs.	entailment
A brown dog playfully bites a white dog.	the dogs are wresting over a toy	neutral
A young boy in a blue t-shirt looks through a microscope.	The boy is playing football	contradiction
An Asian woman and two men (one Asian and one white) are playing cards in the hallway of a train.	A group of people are on the subway	contradiction
Cyclist at the start of a velodrome race.	The Bicyclist is at the beginning of the race.	entailment
A bearded man in a penguin costume nears a man jogging by a water body.	A man is about to pull a prank on a jogger.	neutral
Two young men are sitting at a table, smiling and playing with eggs.	Two young men decorate gingerbread houses for Christmas.	contradiction
A man in a black suit sitting on the steps of a building.	The man is outside.	entailment
A black and a black dog are running side by side.	Two white dogs run next to each other	contradiction
Two men are working so hard.	Two older women are talking to each other.	contradiction
A person in a yellow coat carrying a plastic bag of orange colored fruit.	This person is carrying bread home from the bakery.	contradiction
Men with camels gather on a beach.	Men with camels gather indoors.	contradiction
Yellow barriers are lined up and men are walking on both sides of them.	Men are walking	entailment
A man wearing a jersey with the number 13 on it is ready to bat at a ball while people in the stands look on.	the man is black	neutral
A skateboarder does a trick on a black and yellow striped ramp.	A MOTOCROSS RIDER IS JUMPING FROM A RAMP.	contradiction
Bearded man playing a game with toy soldiers, tanks and a dice with a soldier and a bomb painted on it.	A man with a beard plays with several military-related toys.	entailment
Man in orange suit atop a power line.	A man in a green suit is working on the sewer.	contradiction
Man performing in front of an audience.	A magician does his act.	neutral
Two girls dancing in traditional garb.	there are couple of females reading newspaper	contradiction
A woman sitting down with her stuff animal and candy apple.	A woman performs CPR on an unresponsive child near the water.	contradiction
A tall, thin, brunette girl wearing combat boots standing on a sidewalk.	A person wearing combat boots standing on a sidewalk.	neutral
The band is performing on the football field.	The marching band is doing a parade.	contradiction
There are many people in the street.	The park is full of people.	contradiction
a woman in a blue shirt is about to enter a tour train with other and the tour guide greets her.	A tour guide greets a female customer about to enter the train.	entailment
A man with a beer closes his eyes to smile.	A man is frowning with beer.	contradiction
Two girls in pink on trampoline, one sitting and one jumping	the girls are sleeping	contradiction
A barefooted woman in a white tank and blue shorts puts her feet in the water spray.	A women puts her feet in the water.	entailment
High fashion ladies wait outside a tram beside a crowd of people in the city.	Women are waiting by a tram.	entailment
A crowd of people has gathered next to a field of colorful wildflowers.	A group of people are sitting on a plane	contradiction
The woman in the blue hat is cutting food.	A woman is using telepathy to cut food.	contradiction
A young girl sits on the edge of a sink.	A little girl sits on a sink edge.	entailment
A dog chases a ball in the grass.	A dog is outside in the grass.	entailment
Two construction workers taking a break; one is napping in a chair and the other is lying on boards from the work site.	One man is asleep and another is laying down at a worksite.	entailment
A child runs with a football.	A sad child runs with a football.	neutral
A man in formal wear is posing in front of a building.	the man is a farmer	neutral
A man hanging by a cable from the tower.	a guy is painting a picture	contradiction
two men who appear to be doing the same thing, but on a different scale of painting.	Two men are getting paint on their clothes.	neutral
A elderly man holds a can behind his back as he strolls by a beautiful flower market.	A young man holds a can behind his back.	contradiction
A person on a bmx bike, running a course.	A biker races over a dirt track.	entailment
a man cooking food for a festival business in the city	A man serving food to festival goers.	neutral
A man in a navy blue jacket holding a tool in his dirty hand.	A man is working on a truck.	neutral
People are eating in a restaurant.	There are people indoors.	entailment
A dog with its mouth open running through a field torwards the camera.	A dog is running outside.	entailment
Young men wave flags in a crowd outside of a glassy building.	The men are playing checkers in the shade at the park.	contradiction
A teenager hurtling over lawn chairs in a yard.	There are chairs.	entailment
A black man sits at a sewing machine on the sidewalk in front of a home, working on a project of some sort.	A man is outside.	entailment
Four people are riding in a bright orange boat wearing life vests and white helmets.	Some people are in an inflatable raft.	neutral
Two people are swimming in a pool with a ball.	people swimming with ball	neutral
Man in blue shirt is having a conversation with the man in the jacket.	A man is hiding from another man whose in a jacket.	contradiction
A black dog is running through the shallow edge of a large body of water.	A black dog is running in the water.	entailment
A man is spinning in the air above a pool in front of an empty stadium.	A woman is spinning in the air above a pool in front of an empty stadium.	contradiction
A short-haired fairly young women is running in some type of race and is a man behind her running in the same race.	the man is actually checking out the womans butt	neutral
Two old women making food.	Two women make food.	entailment
Fuzzy dark gray dog running along a dirt path with weeds on the sides.	The dog is outside.	entailment
A man wearing a reddish beard, wife beater shirt, torn and dirty blue jeans, standing next to an aqua blue bench with a six pack of beer laying on its seat, and a young girl in a fuchsia pink shirt and striped pants, gazing up at him.	A man is about to head to a party	neutral
There are four canoes in the background, beautiful green grass, with three kids standing at the shore of the lake, that is crystal and crisp looking, and there is a redheaded boy wearing a red shirt, red life vest, and is in a yellow kayak, with a double ended yellow paddle.	A lake is trying to pull the kids into it.	contradiction
A technician uses microscope to solder a circuit board.	The technician is making a sandwich.	contradiction
A man wades in the water and watches a waterfall.	A man is sitting in the water.	contradiction
a man wearing a yellow shirt and white hard hat stands inside a crevice between two rock faces.	A park ranger inspects a dangerous crevice where a hiker had been trapped.	neutral
a man in white shorts and a black shirt is paragliding on the ocean	A man is paragliding in the Pacific ocean.	neutral
A crowded day with many skiers and snowboarders on the slopes.	There are people on the slopes.	entailment
A boy and girl are standing together, one is holding a plate of desserts.	The children are swimming in the pool.	contradiction
A black male is standing by himself on a sidewalk with two people walking in the background, man is wearing a black argyle sweater with blue, green, and white on it with a shirt hanging out under, blue jeans and blank canvas looking shoes.	The people are all eating cafeteria food at the tables in the building.	contradiction
A man wearing a denim jacket taking a photograph.	A man wearing a jean jacket is taking a photo.	entailment
People working on flowers at a flower stand.	People are selling hotdogs.	contradiction
Two children, one in a yellow shirt and the other in red rain boots, swing on the swings at a playground.	The children are swimming in the pool.	contradiction
A man is singing into a microphone.	A band member is playing the drums.	contradiction
Three children playing on swings in a small park, one little girl wearing pink has her stomach on the swing, a little boy wearing navy track pants and a yellow shirt is half on and half off the swing, and the last little boy is standing in front of the boy on the swing.	Silly humans playing	neutral
A woman in a light pink sweater casting a fishing line into a lake.	A woman wearing pink is fishing.	entailment
Two children, a boy in a blue shorts suit and a girl in a blue jumper, have a conversation in the hallway of a church.	Two children are inside a church.	entailment
A woman with dark hair who is wearing an orange bikini lays out on a wicker chair.	A woman with dark hair is laying outside.	entailment
A person covered in soapy water is getting cleaned off.	Someone is washing up with water and soap.	entailment
A lady in black pants, white t-shirt with red writing across breast, doing a stretch exercise on top of a concrete sphere with a 18th century building surrounding the sphere.	a lady does stretching exercises on top of a concrete sphere with a 18th century building surrounding the sphere	entailment
A man jumping a bicycle over a dirt path surrounded by trees.	A man jumping a bicycle over a dirt path surrounded by trees.	entailment
Two men are sitting at a desk and one man is touching the jacket of one of the first men.	There are two men running away from each other.	contradiction
A man in a blue shirt and black shorts has an orange sun visor on his head.	The man is at a soccer game	neutral
A person wearing a short-sleeved light blue shirt over a long-sleeved white shirt and blue jeans is holding a long-lensed camera to his face while standing next to a red colored railroad car.	A person waits outside.	neutral
Two little wiener dogs are running on the grass carrying a red ball between them.	Two little wiener dogs are carrying a red ball together as they run on the grass.	entailment
A man is walking down a deserted street.	The street is empty but for one man	entailment
Teenage girls in a dance recital.	Young boys played football.	contradiction
An African American woman carrying yellow fruit on her head walking away from a building.	The woman is walking	entailment
A person is walking on a sidewalk and a skeleton is on the left inside of a fence.	A person is running through the woods.	contradiction
Young boy standing next to water casting his fishing rod with others next to him.	A young boy is fishing.	entailment
A blond woman is in her kitchen holding a knife and graham crackers as she is making pie with cranberries and cherries.	The woman is making a pie with blueberries and walnuts.	contradiction
Two men hanging out together.	Two men play videogames together	neutral
A brown boat is packed with goods and people.	There is a bus on the boat.	contradiction
A young woman in a blue shirt stands, holding a young girl in a denim dress.	the woman is sad	neutral
Asian man standing under mailbox.	Man sweeping the sidewalk.	contradiction
Two men play in a band, one on electric guitar and the other on drums, on stage in front of a crowd.	Two men are playing music fora group of people.	entailment
Three ice skaters round a corner.	The ice skaters are around the corner	entailment
On a street in Korea a man is pulling a two-wheeled cart, piled high with a chair and cardboard and other things while behind him are a car and a truck and a street level billboard.	A man on a street in Korea is pulling a cart filled with chair and cardboard.	entailment
A man and woman stand at the altar to say their vows and get married.	A couple is getting married.	entailment
A surgeon performing surgery.	patients are standing in hospital	contradiction
Four people are strapped into some kind of amusement park ride.	Four people are having some fun.	entailment
A man walking up uneven, rocky, steps carrying a backpack loaded with vegetation.	A male scientist hikes out of a vally carrying specimens.	neutral
Children in school taking a picture with their teacher.	People are posing.	neutral
A man and two women eating and drinking in a kitchen.	The man and two woman are indoors	entailment
A group of young men clowning around while enjoying a beverage.	A group of young men enjoy a beverage.	entailment
Two people outside building at sunset.	Two people waiting for friends to join them at a restaurant.	neutral
A man with his head close to a laptop pressing a button.	A man is using a laptop.	entailment
man being thrown off horse in a rodeo	A brown horse throws off a man.	neutral
Four football players raise their helmets at the game.	The guys here know the rules of football.	entailment
Two young men in uniform involved in a basketball game.	There are two men playing basketball.	entailment
A young boy in a green swing rides through the air near a barn.	Young boy riding a swing.	entailment
An older man riding a bike.	An elderly man is biking	entailment
The man is standing next to a dog, while the dog jumps in the air.	The men is standing next to the dog while the dog is jumping.	neutral
Football fans cheering for their team.	Fans go nuts for their team.	entailment
People walking up and down stairs.	The stairs have people walking on them.	entailment
One woman is being carried behind three people who are walking on path.	A woman is carrying three hikers down the path	contradiction
The lady is watching something she does not like.	The lady does not like what she sees.	entailment
Two women dressed in animal prints are playing percussion instruments.	The women are playing instruments.	entailment
Two women sitting at a table in a restaurant.	People sitting down	entailment
A bird splashing in a puddle	The bird is playing with another bird.	neutral
Two lab scientists look in a book to discover what is under the microscope.	two scientists are using a microscope to study blood cells	neutral
A child plays with a water gun in a pool.	Child playing Cowboys and Indians in a pool with a water gun.	neutral
A man with a beard sleeps in a chair, computer banks behind him.	A man sleeps in front of computers.	entailment
A smiling man on a horse in front of brush and woods.	A man enjoys a day in the woods with his horse.	neutral
A man covered with a red shirt and wearing sunglasses is relaxing on a porch with a newspaper.	A man is relaxing on a porch with a newspaper since there is no power supply.	neutral
Young men and women sit at a wooden table on which several partially-drunk beverages have been placed; the picture is interrupted by an outstretched hand, colored green in the odd light of the wood-paneled interior.	young men and women are sitting at a plastic table sober	contradiction
This is a young girl in the grass at a park posing for the camera.	An old woman is sitting indoors.	contradiction
A man in a blue shirt smiles at a baby he's carrying in a sling.	The man is wearing a shirt.	entailment
Young boy flying a toy airplane in an open field of hay.	The little boy was flying his toy airplane in the open field.	entailment
A little girl holding a camera.	The girl has a camera.	entailment
A young woman wearing a blue button shirt over a white shirt holds a microphone in her right hand.	A young woman holding something.	neutral
There are two teams competing in a women's volleyball game.	Many women are playing a volleyball match.	entailment
One of the members of KISS playing a white electric guitar in front of a black background.	A musician with a well-known group is using their musical skills.	entailment
Dogs race each other on a muddy track.	The track is muddy	entailment
A man and a woman waiting to cross the road.	Two people crossing the road.	contradiction
1 man singing and 1 man playing a saxophone in a concert.	The 2 men are spending their week with a musical tour group.	neutral
A man wearing a cap peeling a banana.	The man is holding fruit.	entailment
A young woman stoops to feed a small dog on a brick-paved street.	A young woman feeds a homeless dog.	neutral
Many people stand with their hands raised.	they are all sitting down	contradiction
A toddler is riding a plastic scooter.	A child is playing on his toy.	entailment
Four bearded men sitting in a restaurant smile at the camera.	The men are sitting inside of a conference room.	contradiction
A little boy is smiling as he splashes in some water and sits inside a couple of red and blue floating devices.	A boy is playing with water.	entailment
A muscular man with a multicolored mohawk shows off his physique.	The man just finished a workout at the gym	neutral
Man wearing a black and red striped shirt taking a photo next to a lion statue.	The man is posing next to a stone lion.	neutral
A child enjoys splashing water.	A child watches a movie.	contradiction
A man is making his girlfriend laugh by playing with his nose.	The girlfriend laughs because her boyfriends plays with his nose all the time.	neutral
The two friends are laughing and having a good time.	Two people are laughing.	entailment
A child is enjoying the ducks on a fall day.	There is more than one duck.	entailment
A man in a safety vest and black hat wearing rubber gloves is crouched down on a corner of an intersection, doing something with a stick.	A man is poking a dead animal with a stick.	neutral
A black and white dog looking up.	The dog is looking at the ball in the air.	neutral
Two ladies are walking across the street laughing.	Two women are moving across the street.	entailment
A vendor stands in his stall that is filled with candles.	the vendor is surfing the web at home.	contradiction
The cyclist makes another push to try and keep his position after slowly down to round a corner.	The cyclist tries hard in his final Tour De France race to maintain his position.	neutral
A man being thrown into the air while being trampled by a bull.	Cindy was thrown out of the bar.	contradiction
An older man with a yellow blouse is reading something while he stands on stage.	A older man in a yellow blouse is reading a novel on a stage	neutral
A boy in a blue sweatshirt playing Frisbee with two black dogs.	a boy plays frisbee with two cats	contradiction
A man in a blue dress is working under a bus, another man is rotating a tyre.	A man wears a blue dress.	entailment
One man wearing a green t-shirt and white hard hat working on a house and hammering a nail onto a piece of wood.	The man is demolishing the house.	contradiction
A woman in a black dress is standing in the distance waiting.	The person is waiting for someone to meet her	neutral
A man kneeling on the street in front of a graffiti laden car and some poster boards with artwork on them.	A man is near graffiti.	entailment
A Man doing a high up jump on a bike with a cityscape behind him.	The man is doing tricks on his bike.	entailment
Six people are swimming in a natural body of water.	There are people in the water.	entailment
A group of people drinking and talking	Some people are outside running a marathon.	contradiction
A man wearing a black shirt, jeans and a cap is outside jumping in the air, causing the liquid in his cup to splash.	The cup is filled to the brim with pepsi.	neutral
A girl with brown hair sitting on a lawn chair.	A person is outside.	neutral
Ride with a model biplane.	A model biplane is swimming in the lake.	contradiction
A man in a sweatshirt and jeans is riding a bicycle holding some long thin planks of wood	a man is riding a bike	entailment
A crowd of men and women wait to board a train at a train station.	A group of people are all riding the bus.	contradiction
Two small lacrosse players listen as they are instructed.	There is only a single person shown here.	contradiction
The man dressed in black racing gear, is leaning into a sharp turn on his motorcycle.	The man dressed in black racing gear is on his motorcycle.	entailment
Two young children riding a bus, one is holding a bottle and the other is holding a can.	One of the children is drinking grape soda, the other is drinking dr. pepper.	neutral
A man in a green jacket skies down a steep slope on fresh snow.	The man is wearing goggles.	neutral
One man and one woman, with blue gloves on, putting something in a syringe into a cup of liquid.	A man and a woman put something into a cup.	neutral
Two men in white hard hats are working on a large object inside a chain-linked fence.	Two men are working in a construction zone.	neutral
Two young boys sitting in water and digging in the sand.	Two young boys are playing a game.	neutral
A black dog is chasing another black dog.	Nothing is chasing.	contradiction
Two firefighters hosing down something.	The firefighters are taking a break.	contradiction
A man wearing black shorts with white stripes is diving into some water.	A man jumps.	entailment
This man with a white hard hat, and gray vest, and long-sleeve shirt is standing on top of a roof.	A man is standing on a roof.	entailment
A young girl skiing along side an adult	The young girl is the adult's child.	neutral
Skateboarders are doing tricks on a staircase next to mirror buildings.	The skateboarders are doing tricks.	entailment
A man in a small bathing suit talks to another man on the beach in front of a beach patrol stand.	A man has a small bathing suit.	entailment
A man surfs, wearing a wetsuit, in crystal blue waters.	A man is surfing in the clear water.	entailment
Three construction workers are standing on a boat while one of the men points at something.	Three coworkers stand together, and one of them points something out.	entailment
A old man riding a motorcycle on a beautiful day.	A old man looks around his surroundings as he rides his motorcycle on a beautiful day.	entailment
A large crowd of people, and at the side a gentleman having his picture taken by a photographer as he poses.	A famous actor is getting photographed on the red carpet in front of his adoring fans.	neutral
A woman is washing dishes.	A woman washes dishes.	entailment
A man in a brown sweater and a woman smile for their video camera.	Two people are recording themselves.	entailment
A man in blue shorts and a t-shirt is slicing tomatoes on a dining table.	A man prepares a taco meal by slicing tomatoes.	neutral
Two motorcyclist neck-to-neck about to take a turn	A motorcycle collision.	contradiction
Woman riding her bike next to a busy street.	She is riding her bike in the park.	contradiction
Two dogs, that are tied to the building, patiently wait for their master to return.	A poodle is tied to a bench while his master hits on it reading.	contradiction
A little girl pushes a merry-go-round in a park while two other kids hold on. ee	A little girl is at the merry-go-round	entailment
A woman traveler in blue jeans sits by a curb and waits.	A woman is waiting at a bus stop.	neutral
There is a performance with a man in a t-shirt and jeans with a woman in all black while an audience watches and laughs.	The man and woman are friends.	neutral
Brunette woman in a white shirt, standing in front of a counter.	A blonde woman sits in a chair.	contradiction
Number 13 reaches out as he turns directions in an effort to deflect the anticipated path of the football during the game.	There are people playing football.	entailment
Two women in colorful dresses are sweeping water out of the street while a man watches.	Two women being watched by a man.	neutral
The start of an event in a downtown street is lined by stalls, chairs, and spectators.	An event is starting downtown.	entailment
A middle-aged white male with blue jeans, black gloves, no shirt and a hat is working on a roof.	A construction worker repairs his client's roof.	neutral
A young man is working very hard for his country.	A young soldier working in Iraq.	neutral
A girl has a falcon resting on her hand, and a man with a microphone is talking to her while looking at the bird.	A man interviews the prize winning falconer.	neutral
two men standing in the snow, one looking at the camera, the other reading a paper by a sign.	The two men are waiting on the bus.	neutral
Many people wearing headphones are sitting in blue chairs looking at computers.	A bunch of people are playing baseball.	contradiction
A baseball pitcher prepares to throw.	The baseball pitcher is shooting a basketball.	contradiction
Two children sitting by the water.	Two children are sleeping in a tent near a lake.	contradiction
A person playing with a black dog outdoors on a snowy lane with trees in the background and blue skies above.	The dog is heavily panting as he runs in circles	neutral
A group of women, who look unhappy, are sitting in a kitchen talking.	Some people are having a conversation.	entailment
A small girl dancing in a parade wearing bright red and gold clothes.	The girl is celebrating 4th of July with her parents for the first time.	neutral
A brown and white dog is licking a small brown terrier.	A brown and white dog is licking a terrier	entailment
A man wearing blue jeans and a young boy wearing a brown shirt are playing in the backyard.	A man has white jeans.	contradiction
A young girl sticking her toe in a large puddle.	A girl is not wearing sandals.	neutral
A young woman wearing a black tank top is listening to music on her MP3 player while standing in a crowd.	A young woman decided to stay home and rest.	contradiction
Asian artist stretches while painting outdoors.	The artist is painting an outdoor scene.	entailment
A young man in a suit standing out from the crowd, at what appears to be an art exhibition.	Business man waits to get into an exhibit.	entailment
A man wearing a plaid short-sleeve shirt and light brown pants jumps high in the air in front of mist covered mountains.	The man is hiking/backpacking across Europe.	neutral
Two black men dressed in military gear.	A military helicopter lands in a field.	contradiction
Two people, a man in all black and a woman in white, are dancing.	People are dancing at a wedding.	neutral
A police officer on a bicycle rests on a stone pathway in a lightly crowded area.	A cop sits on the path in the midst of a crowd.	entailment
A man stands in a workshop, near a table covered with metal parts and machinery.	A man is teaching a pottery class.	contradiction
A man in glasses reads a paper in front of an Asian market and a life-size cardboard cut-out of a woman.	A person is reading outside.	entailment
A man in a blue shirt is holding a construction hat.	A man's hands are empty.	contradiction
A woman in a skirt and cowboy hat and a woman in pink pants with an exposed midriff are walking down the street looking at the shops.	Hookers are walking down the street.	neutral
Lady dressed in white on blanket in middle of crowd.	The lady dressed in white is Indian.	neutral
A woman pushes a cleaning machine while walking on a brick pathway beside a minivan yellow cab.	The women is walking out side pushing a heavy machine.	entailment
A little dog looks at a tennis ball in the air and a parrot sits nearby.	A small dog watches a tennis ball in the air and a bird sits close by.	entailment
Young boy brushing his teeth with a woman in the background.	A young boy is washing his face.	contradiction
A woman is surprised to have her picture taken on this fall day outside Spaulding's women's store.	She is famous.	neutral
Two people kissing in a unkempt yard.	The couple kiss outdoors.	entailment
The woman in blue shorts and a brown vest has a black dog to the right of her and a dog behind her.	A woman is walking three dogs	contradiction
A busy operating room with high tech equipment to assist the doctors.	A judge and an accused are staring at each other.	contradiction
A male inside of a Brigada truck sitting outside of a locked gate, and a dark-skinned woman holding a red flag.	The man is sitting inside a vehicle outside.	entailment
A child with a yellow balloon walks through a fair.	The little girl holds  clutches her balloon while she strolls through the carnival.	entailment
A man walks down the street past a brick building with white graffiti on it.	The man walking down the street is going home.	neutral
A young man preparing food with diners in the background	The man is preparing fried eggs for his customers.	neutral
The lady in the multicolored shirt has a necklace on a white object in her hand.	The lady is holding something	entailment
A man and a woman eating dinner together.	The people are consuming food	entailment
A disabled person pushing her cart along side the building.	Everyone is in a bus.	contradiction
An all black cat with bright green eyes has caught a gray mouse.	A black cat and a gray mouse	neutral
Two men in orange clothing and hard hats oversee a scraper as it works on repairing a road.	Two men in orange clothing and hard hats taking a break from work.	contradiction
a small tan dog running in the grass with a stick in his mouth	A small dog running in the grass.	entailment
The man in dark clothes and glasses sat on the rock with the baby.	the man sang to the baby	neutral
A Malaysian contestant is riding a bike on a trainer.	A malaysian man walks down the road.	contradiction
An elderly man, wearing a white hat, is sweeping a parking lot.	A man is outside	entailment
a man on a bench feeds a dog.	a man is feeding his son	contradiction
A man with a suitcase walks through an alley between two large buildings.	A woman dancing in a park	contradiction
A blond woman walking a plaza in front of brightly colored buildings.	a blonde woman in front of bright buildings waiting for her ride	neutral
man in t-shirt and shorts doing a backflip on a sand hill.	The man is on the beach near the ocean.	neutral
An old man smiling at the camera in front of a rocky, barren patch of land.	A man is smiling because he is drunk and happy.	neutral
A blond woman wearing a hat.	The hat is keeping the lady's head dry in the rain.	neutral
Two short-haired children stand; one has an axe.	Two children have an axe.	entailment
A pair of hands being washed in a sink.	Hands are being washed because they touched raw chicken.	neutral
Photo is of a female bicyclist(#9) as she rides a red bicycle down a street lined with caution cones.	A female bicyclist rides down a construction site littered with traffic cones.	neutral
Two scuba divers underwater wearing white shirts and scuba equipment along with fins on their feet.	Two people dressed in white shirts and with fins on their feet swim underwater as they haul scuba equipment along.	entailment
People stand in a warehouse.	People are shopping in a warehouse.	neutral
A man with a shaved head and sunglasses smiles broadly.	The man is frowning.	contradiction
A muscular woman holding a tennis racket and wearing athletic clothing kneels a few feet back from the net on a tennis court.	A woman is playing tennis.	entailment
a man with his arm around a woman are posing.	The man and woman pose.	entailment
Audience members attending an indoor concert while a shirtless band member sings.	There is a crowd at the concert.	entailment
2 small children are in boat floating in the water.	Two children are rowing the boat to meet with their dad.	neutral
A man and a woman, formally dressed, stand in front of a tall structure, both looking out at the ocean.	The man and woman were sunbathing on the beach.	contradiction
a young boy wearing a blue outfit playing with a rocket.	A boy is wearing lilac outfit.	contradiction
An elderly couple dancing in a restaurant while there grandson hides his face.	An elderly couple dancing in a restaurant while there grandson hides his face and	neutral
A man with a blue baseball cap on is sleeping against a rock.	The man dozes off against a rock.	entailment
Two people sitting at a table in a restaurant.	Two people are getting ready to eat.	entailment
A man and woman stand in front of a large red modern statue.	The man and woman are sitting.	contradiction
A woman with sunglasses on her head is carrying a blond toddler.	a woman carries her kid after he is tired from school	neutral
A woman in a beige blazer and sunglasses stares toward a man in a striped t-shirt, who is staring at two smiling women in military attire on a city sidewalk.	Someone looks at a man who stares at people.	neutral
Two cyclists traverse a green terrain.	The cyclists are outdoors.	entailment
A long-haired musician, playing his guitar in a performance.	A long-haired musician, playing his guitar and singing in a performance.	neutral
A cowboy on the back of a galloping horse.	A cowboy is on the horse.	entailment
A girl with a backpack runs down the street.	A girl wears a backpack.	entailment
Men playing soccer in a field	Men are playing soccer while wearing tights and pretending to be superman.	contradiction
A small child stepping away from a crowd-lined street in front of a band marching in a parade.	There is a kid leading a parade.	neutral
two men sit at a encripted stone in the mountains.	The men are outside in the mountains.	entailment
A woman in a short red dress and black boots stands while playing an electrified red cello.	A man dressed all in black charges forward towards a park bench.	contradiction
Two persons are examining a bicycle that is upside down on some asphalt in front of somebody's yard and home.	The person is examining a bike.	entailment
A lady brings a drink to a seated couple comprised of a woman wearing a long white dress and a man in a dark suit.	A waitress serves a drink.	entailment
The strong male partner in the water dancing team held his female partner above his head while she posed acrobatically over his head.	The man and woman are in bed asleep.	contradiction
A woman in a white shirt is speaking to an audience made up mostly of children.	A woman is in a room with only adults.	contradiction
a couple kisses.	The people are punching each other	contradiction
A woman is lying in a hospital bed.	The woman lays in the grass.	contradiction
A light tan cat laying down on a concrete ledge next to the bushes.	A cat is near some bushes.	entailment
A blond street worker wearing a white hard hat, orange shirt, jeans and a reflective jacket in front of a white truck and orange pylons.	A street working is working on a building.	neutral
A blond-haired woman wearing a blue shirt unwraps a hat.	The blond-haired women has a shirt on.	entailment
A young boy stands on a golf mat with a city on the horizon, and a golf club in his hand, which appears to have just been swung.	A boy has just swung his golf club at the goft course.	entailment
A man and a woman are standing near a grill, and the man is torching meat with a small blowtorch.	A man and woman are grilling in the rain.	contradiction
The wood used for the seat portion of the bench is comprised of different colored slats.	There is a wooden bench in the park.	neutral
A man in a orange jacket is falling into a snowy hillside.	A man is sitting by a warm fire.	contradiction
A large group of people walking on a white floor, which makes the people really stand out.	the people are very noticeable	entailment
A person wearing a hat and carrying a knapsack walks uphill on a sand dune under a dark, cloudy sky and leaves the only visible footprints behind.	A person wearing a headband and carrying a purse walks downhill on a sand dune under a bright, sunny sky and leaves no footprints.	contradiction
A man is using a jackhammer to work on a sidewalk.	There is a man working with a jackhammer.	entailment
Extreme BMX rider completing a jump.	A bike rider has biking gloves.	neutral
A musician performing during the world event concert held in a local church in the city of angels.	The musician is rehearsing for his upcoming concert.	contradiction
A soccer player in white is about to strike the ball in front of a large crowd as an opponent in red tries to make a play on him.	A man is playing Dance Dance Revolution.	contradiction
A blond woman speaking to a brunette woman with her arms crossed.	A woman is talking to another woman.	entailment
Three children are playing together in some water.	Three children are playing in water.	entailment
A woman and a young child are making sculptures out of clay.	A man and woman painting on canvas.	contradiction
The back of a woman wearing blue jeans, black boots, and a blue and black shirt.	Someone in sandals walks away.	contradiction
A person wearing a white helmet races in a black race car.	A person wearing a black helmet races in their car.	contradiction
A young toddler wearing pink sandals is walking on hopscotch numbers.	A young girl wears sandals and walks on hopscotch numbers.	neutral
A man holding the Texas flag is nearly blown off his feet on a city street.	The man is laying on his bed.	contradiction
People on stilts in a parade.	Some people are performing in a parade.	entailment
Bearded man playing the bass.	A man with a mustache is playing the piano.	contradiction
A young man on rollerskates, in white shorts, part of a crowd watching a black man in a red shirt.	A young man is using the roller skates his grandfather gave him.	neutral
Three people are standing at a carnival game.	People are at a carnival.	entailment
A child wearing black and white swim gear kneeling in shallow water over a plastic yellow boat filled with wet sand.	A child is sledding in the snow.	contradiction
A large black gorilla peers down at a group of young people from above while the peer inside his enclosure from below.	The gorilla is above the young people.	entailment
A young boy in pajamas tosses a red ball in the air.	A little kid walks to school.	contradiction
A group of boys sits near the sidewalk and two are smiling while one makes a face.	Three boys sitting near the sidewalk.	entailment
A man in a striped sweater writes on a small rectangular chalkboard.	A man writes.	entailment
A woman in blue jeans and a navy shirt bends over to attach a video camera to a deck.	The woman is preparing to shoot a video.	neutral
A woman scantily dressed in a tribal green and blue costume dances in a parade while onlookers watch.	A woman is dancing in a parade.	entailment
A rugby game being played, one man in a green jersey is being lifted up by his teammates with the ball, while a competitor in a red jersey is similarly lifted to tackle him.	Boys are playing videogames	contradiction
A woman in a black dress, stands alone, looking out to a city.	A woman in a black dress, stands alone, looking out to a big city.	neutral
A competition with a large crowd watching.	The people are watching	neutral
A girl stands on a street with a homemade' free car wash' sign.	A girl holds a sign for lemonade.	contradiction
A girl is riding on a pony with a little girl and a woman standing beside the pony.	A girl is showing of her pony to others.	neutral
A man playing guitar in a purple shirt.	man plays guitar	entailment
War protesters on curb, with pink umbrellas spelling out IMPEACH.	People were on a curb writing a word.	neutral
People wander a surreal maze like sculpture.	Some people are stuck in a corn maze	contradiction
A bald man with glasses is cutting into a turkey on the dinner table.	A man cuts a chicken on the countertop.	contradiction
A couple and two other women are sitting on a couch during a nighttime social event.	Four people are at a birthday party.	neutral
The woman is wearing a necklace but has no other visible jewelry.	The woman is wearing a necklace and no jewelry you can see.	entailment
A man taking a photograph, holding a postcard	a man writes on a postcard to his sister	contradiction
Several children leaping into a pile of leaves on the ground.	The children leaped into a pile of leaves.	entailment
A woman in a blue coat walks along a sidewalk, in front of a subway sign.	A woman heading home.	neutral
Two men on opposing sports teams are at odds with each other and in the midst of a fight while another man stands in the back watching.	The men are on the same team.	contradiction
Boat sails in rough water.	Rough water with a boat sailing through it	entailment
a group of people sitting on the ground on the sidewalk	People are sitting on a sidewalk.	entailment
A man with a peach colored shirt leaning against a wall talking to a woman in a red skirt with long braided hair.	Bob was wearing his peach colored tshirt while talking to a long braided hair lady.	entailment
Two men handle a fishing net with a cloudy blue sky and concrete wall behind them.	Two men are fishing in the rain.	contradiction
A dog climbs down a black ramp	A ramp leads into a house.	neutral
A woman is at a store getting ready to pay for groceries.	The woman is paying for food.	entailment
A woman selling bamboo sticks or brooms talking to two men on a loading dock.	A woman is selling bamboo sticks to help provide for her family.	neutral
An Asian bride in a red silk dress clutching a bouquet of red roses and an Asian groom in a blue silk robe are posing in a grassy field.	An Asian bride is riding a roller coaster.	contradiction
A snowboarder prepares to go over a ramp.	A woman with a snowboard waits to run a course.	neutral
On a muddy racetrack, the yellow Poust car pulls ahead of the competing Hermia car.	Two cars are racing.	entailment
A woman with teddy bear earmuffs is using a wand to make a giant bubble.	The woman is at a birthday party.	neutral
Four people smile and hold golden plates behind their heads.	The group of students held plates.	neutral
A small child walks hand-in-hand with an adult on the grass leading up to a brick building.	The building is stone.	contradiction
Two people smiling while sledding down a snow covered path lined with pine trees.	The people are getting very wet and cold.	neutral
A boy on a skateboard grinding down a handrail.	A skateboarder is grinding their way to class.	neutral
A fisherman has his foot caught in his net.	The fisherman is touching the net.	entailment
A street vendor tends to his stand with lots of kids toys and items.	A man is selling bread inside a bakery.	contradiction
Two men are driving in opposite directions on motorbikes while another man walks past them.	The two men have motorbikes.	entailment
Young men looking through a fence.	A young man watches a baseball game through a fence.	contradiction
A man stands outside of a mobile Thai food truck.	The man is sitting in a recliner.	contradiction
A small group of people is chatting in a city plaza.	A group of people are talking.	entailment
A man in drag with his face painted rides by on a bicycle.	a gay man cycles	neutral
Construction workers chat with one another beside a cement filled hole.	A group of construction workers relay orders to one another as they fill a hole with cement.	neutral
A photographer snaps a quick photo of a yellow sports car.	A photographer snaps a quick photo of a cheetah.	contradiction
An older guy is playing chess with a young boy.	Two generations play an ancient game.	entailment
A geisha applies makeup to her face.	the geisha is asleep	contradiction
Youths dance together in a dark room with a British flag prominently displayed on the wall.	Black youth dance together in a dark room.	neutral
Men build castle-like sculptures out of dark sand by the shore.	The men are in a sand castle building competition.	neutral
Three people stand with fishing poles on the rocks near the water.	The people are standing on the river bank.	neutral
A man hooking a line.	A male grapneling a line.	entailment
A snowboarder slides across an icy table.	The only thing visible here is a man cooking steak and potatoes.	contradiction
A man reading a newspaper on a wooden outdoor bench.	A man is sitting next to a friend while reading a newspaper on a bench	neutral
A guy with a light blue shirt, blue jeans, and rollerblades is grinding on a curved surface.	A guy is wearing rollerblades.	entailment
A seductive women looking to entice a man.	The woman looks at the man.	entailment
group of people at train station	People wait at the train station.	entailment
A man in a chair wearing an apron and shaving cream	a man in the kitchen is making a shaving cream pie.	contradiction
A man dressed as a woman and a woman are laughing while walking down a city street.	A crossdressing man is outside with a woman.	entailment
A woman wearing a sweater and jeans is playing on a tire swing with two little children in an outdoor park.	A woman and two children are in the park.	entailment
Asian children are preparing for a race on a racetrack.	The children are sleeping on the racetrack.	contradiction
The man breaking the ice with his foot stands on a blue mat.	A man is sitting down holding the ice in his hands.	contradiction
The woman is holding the girls hand near a bush.	The woman and child are outdoors picking berries	neutral
Two little girls in bathing suits sit on the shore of a lake, watching someone fishing from a boat.	Two girls are lying around watching a man in a fishing boat.	entailment
Several people are eating and talking while another plays the piano.	A person is making music.	entailment
Nadal celebrating, wearing a green headband	Someone wearing a bright green headband.	neutral
A woman holding a stick out for a dog.	A woman carrying a stick.	entailment
A man wearing a black shaggy hat and leopard printed sash with red accents is holding a drum that says Premier on it.	a drum has been placed atop a scantily dressed man	contradiction
A bartender is pour a draft beer.	a bartender pours beer	entailment
Band on stage and people watching the screen.	People are watching a screen with a band on stage.	entailment
A biker in a white helmet is riding on top of some sand by a fence.	Bill likes to ride his bike on the beach.	neutral
A boy in red pants runs through a crowded transportation hub.	the boy never comes on time in his lifetine to catch the bus	contradiction
The white dog with black spots is catching a red Frisbee.	The dog is playing fetch at the park.	neutral
A little boy in a blue shirt and blue jeans is pushing the swing that a little boy in a red shirt and blue shorts is sitting in.	The boys are siamese twins connected at the toes.	contradiction
Boys and adults at a soccer game.	They are watching soccer.	entailment
A bald man with a beard is playing a saxophone in a dimly-lit room, with pictures on the wall behind him.	The room is well-lit.	contradiction
Little boy takes photos outside.	Sad boy takes photos outside.	neutral
Two people on red motorcycle riding with a group of motorcyclist.	Two men on red motorcycle riding with a group of motorcyclist.	neutral
A man acting silly on a pole at a party.	A man is using a pole.	entailment
People stand outside of a market.	People are at a shopping mall.	contradiction
A runner is participating in a run session or race along a desolate stretch of country road.	The runner is in a city.	contradiction
People watching two women wearing red and black dancing at a tavern.	Two woman are drunk and dancing.	neutral
Many people busily working, watching a presentation, or talking to each other.	Many people are busy working on many very important projects.	neutral
A man grips onto his walking stick as he hikes the rough terrain.	A man grips onto his walking stick as he hike the mountain.	neutral
Person standing atop of a plateau, sun setting along the puffy white clouds over the horizon, above the blue ocean.	The sun is rising over the ocean.	contradiction
An aircraft stands on cement by workers in yellow vests.	The workers are near an aircraft.	entailment
A blond girl sits with her instrument looking off in the distance.	the girl is climbing a tree	contradiction
A bricklayer smoothing out concrete.	Someone is smoothing concrete.	entailment
A group, dressed in scuba gear, is sitting at the bottom of a pool.	People are at a pool .	entailment
A man in a black shirt prepares to perform in front of a microphone.	A man is cooking at home.	contradiction
Two young ladies review the pictures taken in their digital camera.	Two young ladies are running.	contradiction
Men playing a sport during a sunny day.	A bunch of guys are sitting around on a cloudy day.	contradiction
A group of laughing people on a red couch.	Someone has told a joke.	neutral
A Girl with long brown hair standing outside.	A girl has long light brown hair.	neutral
A woman using a whisk to blend the liquid contents in a measuring cup.	The baker is icing the cake.	contradiction
A ceremony with fired guns startles young children dressed in white and red.	A man uses a drill.	contradiction
A man in a black shirt and blue jeans crawls on a table.	A man wearing a black t-shirt.	neutral
A surfer rides out the green and white waves.	A surfer is in the water.	entailment
Two men having an intense discussion over drinks.	Two men discuss a poker debt.	neutral
Two men dressed in white shirts button down shirts, white hats, with blue scarves tied around their necks	They are going to church	neutral
A group of woman in red shirts are singing.	The group of women are playing musical instruments and dancing.	contradiction
Man in a camel colored jacket that is standing looking at the stone walkway.	Person is on a path.	entailment
A girl eats her food on the counter.	A girl eats food at a counter	entailment
A child is splashed by water in an indoor swimming pool.	A child is splashed by his father in the pool.	neutral
A peoples wearing all black clothes	The people are all wearing white clothes.	contradiction
A young guy, probably in his early twenties, shows off his culinary skills with pride.	The guy is over the age of ten.	entailment
A dark-haired woman in a white dress adjusts her high heel as she stands beside a table with a white tablecloth and two chairs beside a body of water.	A woman is outdoors preparing to serve a party by the lake	neutral
Six skimpily dressed cheerleaders with pompoms are standing at the game field sidelines during an outside event.	The cheerleaders are outside.	entailment
A large crowd of spectators and photographers stands behind a barrier while two police officers stand guard.	A mother opens the door to her son's room.	contradiction
Two women with black hair stand in front of plywood.	Two women picking up plywood to build a fort.	neutral
Two men in had hats are on ladders working on a house.	Construction workers are fixing a roof.	neutral
Three men, two with white shirts who appear to be host to a Rodeo House, and the third man with the brown shirt rides a wild horse.	three men are pictured	entailment
a woman wearing sunglasses sits inside of a building with several other people looking outside.	The woman is not wearing glasses.	contradiction
Passengers on public transportation listening to music through portable devices.	The people are watching tv.	contradiction
A man with a navy blue hat and plaid shirt delivers a file cabinet to a classroom	A filing cabinet arrives in the classroom.	entailment
A young girl painting a picture.	A man is painting an interior room.	contradiction
Two women wearing green shirts are getting off a tour bus.	Women are wearing green shirts.	entailment
A group of 5 people standing wearing name badges	A group of humans are standing.	entailment
A man in a black suit knocks his head with his fist as he puts his arm around a woman in a white strapless dress.	A man wearing a pink suit laying on the ground as a woman rides a bike near him.	contradiction
Three men wearing red, white, and blue shirts, one of whom is plugging his ears, and all of whom are looking at something in the distance.	men wear red, whit eand blue	entailment
A man kite surfing creates a wave.	A man is surfing in the pacific ocean	neutral
Sweaty drummer in a Celtics jersey playing the drums.	The sweaty drummer is wearing a Blazers jersey.	contradiction
A little boy is playing ball in a slum-like area.	A little boy is outside.	entailment
A little boy is riding a dirt bike with the number seven on it going down a hill.	Appaloosa Pegasus does math.	contradiction
a guy hitting the puck in a game of hockey.	A man replaces a broken lightbulb.	contradiction
An elderly man opens a wine bottle while standing behind a bar.	An old women opens a wine bottle.	contradiction
Two groups of people crossing a street with no traffic, with multicolored multistory apartment buildings and a religious building in the background.	the people are inside the house	contradiction
A jogger running down the street.	The jogger is wearing red running gear.	neutral
The magician is doing a magic trick.	The magician does a trick.	entailment
Two men work on a parking lot.	Some people working.	entailment
A blond-haired lady is sitting at a desk with a yellow map hanging on the wall.	A lady is doing paperwork at her desk.	neutral
A black dog running in the grass.	The white dog is running.	contradiction
Several people are milling about outside a large off-white colored house with a terra cotta roof while someone in the distance takes their picture.	There is a house with no one outside of it.	contradiction
A girl in a white dress running.	a girl is running	entailment
An older man is standing in front of a stack of metal pipes.	There is a stack of pipes.	entailment
Three men in cold-weather styled clothing walking down a road.	Three men walking outdoors.	entailment
A group of people standing in front of a food truck.	A group of people in front of a food truck.	entailment
A man in a flowered bathing suit waterskies on one ski while being pulled by a rope.	A man is sleep.	contradiction
Many people are crowding around a lady in a red shirt who is laying down hurt next to two bikes.	Some people will help her.	neutral
Someone dressed as Santa, Mrs. Claus, and two other people are riding in Santa's sleigh, pulled by a horse, through a snow covered city.	Two people dressed a Mickey and Minnie Mouse are walking down a street in sunny Florida.	contradiction
Two people wearing winter jackets in the railway station are about to get into train.	Two people are at a train station.	entailment
A man is seen coughing in a crowded street.	A man is doing laundry.	contradiction
A woman speaking in front of a chevy malibu.	A woman stands in front of a car.	entailment
A chinese man wearing a traditional Chinese rice hat carries a balanced load across his shoulder with the use of a long stick.	A Chinese man is carrying a Sherman tank on his back.	contradiction
A man preparing a white volkswagen to be towed by a AAA certified tow-truck.	A truck is going to tow an illegally parked white volkswagon.	neutral
Two women sitting at a table in a restaurant.	The women are running around.	contradiction
People sitting in pews and walking around the inside of a cathedral.	People are in a cathedral.	entailment
Little boy dressed in blue wearing cleats.	A little boy is learning how to use cleats.	neutral
a black dog splashes in the water.	A dog likes water.	neutral
A group of people in robes singling and playing instruments.	A group of kids playing on a playground.	contradiction
A woman in a house wearing jeans and a sweater, is pour a drink into a glass.	A woman in a house is pouring liquid into a cup	entailment
A black dog and a dog that is brown and white stand in the water.	Two dogs are in the water.	entailment
A group of women dressed as characters from star treck.	A group of women are are wearing swim suits that are solid black.	contradiction
Two women are sitting and talking.	Two women are talking while they sit together.	entailment
This is a you boy with a skateboard	There is a girl riding her skateboard.	contradiction
A shirtless man in gray pants works at a conveyor belt beside a blue tarp on a boat which is surrounded by gray water.	A fisherman in the middle of a long shift.	neutral
A band consisting of a guitar payer, banjo player, and accordion player, performs as a group of middle-aged people dance on the dance floor.	The band is performing for a crowd.	neutral
Men stand at the edge of a large hole in the street as cement is poured into the hole.	Men standing near the hole.	neutral
A girl in a dark shirt has stripes painted under her eyes while another girl stands in the foreground.	A girl with paint under her eyes with striped dark shirt, while other girl stands in the foreground	entailment
A woman in a white long-sleeve shirt is leaning against a sleeping man in a green plaid shirt to attempt to sleep while sitting in a bus.	The man is looking out the window.	neutral
Men race their bikes on a road.	Men in colorful uniforms are biking on the road.	neutral
Two women jogging down a sidewalk in front of a person leaning on a bench in front of a lake. with another person	The men are joggind down a sidewalk.	contradiction
A woman, dressed in old fashioned clothing sews a piece of material as she sits in a wooden chair besides a red brick building.	The woman is near a red building.	entailment
A sandy brown dog is playing with a soccer ball outside.	A puppy running after a ball.	neutral
A little boy sitting in front of a store in a somewhat run down neighborhood.	A boy sitting in front of a store in an old neighborhood.	entailment
A group of five black children push and pull a cart loaded with bricks while two other children ride atop.	The kids are playing on the swings	contradiction
A child has fun with a blender in the kitchen.	A child uses a blender.	entailment
A woman in a string bathing suit with a man on a boardwalk on a foggy day.	A swimsuit model poses for a male photographer in the fog.	neutral
A man and three women are preparing a meal indoors.	A group of people cooking inside	entailment
A group of children gathers together to watch a school play.	Some children are watching their friends perform in the holiday play.	neutral
Three people, the one in the center has a bag, are crossing a busy street.	Three people cross a street.	entailment
A man is in a tree holding a coconut	The man is outdoors.	entailment
Someone is climbing vertically a wall of ice.	a wall of ice is being climbed	entailment
Boy dressed in black is doing a skateboarding jump with a crowd watching.	A tall human in black.	neutral
A young woman is walking with shopping bags in Hollywood.	A woman walking	entailment
A concert stage with four musicians.	There are people putting on a concert.	entailment
Two men in red shirts race on bicycles, while others watch.	men on bikes	entailment
Three guys sitting on rocks looking at the scenery.	The people are outside.	neutral
Children pose in front of a man on a motorcycle in a dirt lot.	The children are taking a picturw	neutral
Aid big guy wearing an orange jumpsuit is talking to a skinny lady who's dressed up with a long skirt is standing on the freeway looking at the red Motorcycle that crash	A man and woman stand on the freeway near a motorcycle crash.	entailment
There is a little asian girl with black hair and a white sweater eating a strawberry her eyes are cocked to the right and her fingers are wrapped around the long green vine that's coming from the fruit.	A girl is consuming a fresh fruit off a vine.	entailment
The gentleman is quite well groomed.	The man is good looking.	entailment
A man is swinging on a rope swing into a lake.	A man is swinging out of a rope swing into a lake	neutral
Two men are walking past a building that looks like a castle.	The men are tourists.	neutral
A shirtless toddler staring out the window.	A little toddler is walking with his mother towards the park.	contradiction
Man in green shirt and black pants is jumping in the laundry room.	A man is jumping on a table in the laundry room.	neutral
A man wearing a yellow shirt is holding a bottle while walking with a crowd of people.	A man wears a red shirt holding a cat while walking through a crowd of zombies.	contradiction
A race car drives along a track in the rain	A car is driving on a track.	entailment
Two kids play hockey on a pond.	Two kids are playing on a frozen pond.	neutral
The dog takes a leap on the beach to retrieve an unknown item.	A dog is fetching something.	entailment
A child is running away from a plastic pool and an adult on a rural setting.	A baby is asleep in a crib on the subway.	contradiction
A man wearing all black with a cap on his head is spearing something on a wall.	Ther is a man wearing all black clothing.	entailment
This picture depicts looking up at a rock climber.	A rock climber is being watched.	entailment
A man wearing a colorful wetsuit, line surfs on a deep blue body of water.	The man in the colorful wetsuit is surfing outdoors.	entailment
The lady is dressed in white.	A woman is dressed in her wedding gown.	neutral
Female basketball players competing to win.	The girls are playing hockey.	contradiction
A small girl dressed in a white smock with pink balloons is holding a candle lantern.	The child is holding noting.	contradiction
A baby girl looking at a black and white cat while holding a toy.	The cat watches the baby	neutral
A man striking a pose as one man with a bike, and another man in the background watch.	A man is sleeping on the sidewalk while a man walks by.	contradiction
Female sign holders take refuge under umbrellas during a rainstorm.	A group of people are singing.	contradiction
A man is helping someone put on a fancy robe.	A man is getting someone else ready for a performance.	neutral
A soccer player numbered 24, wearing a yellow shirt, blue shorts, and blue socks, takes to the vibrant green field.	A soccer player is wearing the number 24	entailment
A man and his dog are grilling green beans on a grill.	A man is grilling with his dog beside him.	entailment
Little boy runs the wrong way after hitting the ball in a game of tee ball.	A boy sits on the bench because he couldn't hit the ball.	contradiction
A toddler being helped out of a pool.	The youngster has finished his swimming lesson.	neutral
An African american is looking at his phone.	An African American is sleeping.	contradiction
A man with a silver watch is pouring cream into a coffee.	The watch keeps perfect time.	neutral
A boy points.	The boy pointed.	entailment
Pitcher in a baseball game wearing a white 34 uniform getting ready to throw the ball.	The pitcher playing baseball was ready to throw the ball.	entailment
A woman and two men wearing black jackets.	Two thieves wear black.	neutral
A person wearing something gray while fixing a yellow and gray wall.	Someone is working on a wall.	entailment
Two asian women preparing food while a young man watches.	A young customer watches two women preparing fresh noodles for his order.	neutral
A medical team is performing a surgery.	the medical team is performing a sex change	neutral
A female athlete in crimson top and dark blue shorts is running on the street.	A woman is sitting on a white couch.	contradiction
There is a group of people, and a mother putting hearing protection in her son's ears out in a field by and electrical tower.	A group of people holded name plates in their hands.	contradiction
A man and a woman walk through the street during a parade.	Two people are walking in the street.	entailment
a nice contested catch during an ultimate Frisbee game.	Two teams are playing a game of ultimate Frisbee.	entailment
A man wearing a camouflage hat and sunglasses reading a book on a black metal bench.	The man is reading a book on the bench.	entailment
A man in a white t-shirt is about to dunk a basketball through a net-less hoop.	A man is playing with a basketball.	entailment
Several farmers bent over working on the fields while lady with a baby and four other children accompany them.	The lady has three children.	contradiction
A man in a blue shirt is dancing with a female in a white dress.	The man and women are dancing.	entailment
Young boy wearing waders standing on a dock fishing, other people are in the background.	A boy fishes on a dock as his dad looks on.	neutral
A woman holding a water bottle is running on the beach.	A woman running outdoors.	neutral
Asian man and blond woman holding hands outdoors, man in background watches.	Two people show affection while outdoors.	entailment
A person in a red and black outfit climbing the side of an icy mountain.	the person climbs the mountain	entailment
A little girl is riding in a garbage container.	A child is playing with a garbage can.	entailment
Four men in uniform are rowing down a river with people watching on the shore.	The four men are wearing uniforms.	entailment
A man with long hair, a mustache, and a beard is holding a guitar and sitting in front of a USA flag.	A guitarist sits in front of an American flag.	entailment
Fisherman wearing a poncho and hat sitting at the edge of the water.	Two fishermen sit by the water.	contradiction
A woman riding a scooter is in front of many other people riding scooters down the street.	A woman is riding a red scooter while leading many others on black scooters.	neutral
A worker suspended in the air.	A man is in the air.	entailment
Two men are sitting on black leather chairs, and one of them is holding up a caffeine free Coca-Cola.	The two men that are sitting outside have chairs.	entailment
A black dog playfully bits another dog in a living room setting	Two dogs are in a living room playing with each other.	entailment
A little boy batting with a red helmet on.	a little school boy from California is batting	neutral
People dressed in all white are looking at some shaved lambs.	People are shaving lambs.	neutral
A restaurant worker wearing an orange shirt putting ketchup and mustard on sandwich bread.	Everybody is washing dishes.	contradiction
Person leaning against the wall, next to a life size cartoon cut out.	A person leaning next too a cut out	entailment
A woman scales a difficult rock face assisted by a rope.	a woman sun bathing	contradiction
Some motorcyclists make a jump in a dirt bike race.	People on motorcycles.	entailment
A man in a striped polo shirt stands on stage in front of a chalkboard while holding a microphone.	A person is on stage with a microphone next to a chalkboard.	entailment
A kid is using a screwdriver on what looks to be a typewriter.	An old person dying.	contradiction
a young boy carrying a large soccer ball with a soccer feild in the background	A boy is holding a soccer ball.	entailment
Two scientists research biology in a lab.	Doctors are helping patients in the emergency room.	contradiction
Three young girls are walking together down the sidewalk.	People are on concrete	entailment
People are parasailing on a clear day.	The people are parasailing	entailment
A woman wearing a black shirt and holding a red plastic cup sits on a bench in front of a Cigar Company while a man wearing sunglasses and black clothing sits in a wood chair next to her.	Two people sit together infront of a buisness.	entailment
A little girl is licking a dinner plate and getting food all over her face.	A baby is enjoying her food and starts licking her dinner plate with food all over her face	entailment
Two people, one wearing a blue suit and the other one wearing orange is sitting in an audience.	The people are at a movie theater.	neutral
A group of people working to package the drink.	A group of dogs working to package the food.	contradiction
Two kayakers interrupt a race and are about to hit competitors of the race.	Two men on kayaks disrupt boat race	neutral
A man in purple, white, and yellow on stilts.	A man on stilts in a parade.	neutral
A woman in a black jacket kneeling and pointing.	A woman is wearing clothes.	entailment
A boy wearing a bike helmet, jeans, and a striped shirt and a girl wearing a green shirt and jeans ride bikes with training wheels down a sidewalk.	a boy is learning how to drive a car	contradiction
Two identically dressed dancers performing on a dark stage.	A man learns to cook.	contradiction
Many people gathered inside talking to one another.	Many people are getting in fist fights	contradiction
A group of teens sit on steps watching a man and woman.	A group of guys sit on steps watching a man and woman.	neutral
A man in a jacket and necktie sits by some candles	A man sits next to some candles.	entailment
An Indian woman poses for the camera in her bright clothing.	A woman poses for the camera.	entailment
A woman with a fan near the street.	A women is hot so she has a fan near her to cool her down	neutral
Five women are all sitting on the floor together working on a project.	Women are all sitting on the floor together working on a project.	entailment
A woman wearing a white tank top, sticking out her tounge and pointing to herself.	A person making a funny face.	entailment
An Asian man stands in front of an abandoned Chinatown storefront.	A woman riding a horse in the park	contradiction
A group of people in business casual clothes sitting on blue chairs arranged in a circle around a laptop.	A class is being held outside.	neutral
Blond lady kisses child on the cheek	A lady is kissing the winner of a contest on the cheek	neutral
People walk on a city street near lined parking spaces.	The people are walking near the parking area	entailment
two white dogs running through the grass	Two dogs are running outside.	entailment
A crowd of boys play cricket in an open sand lot.	The boys are playing dominoes.	contradiction
Two ladies are looking at jewelry.	Two ladies looking at personal ornaments	entailment
A curly-haired male drummer and a guitarist on stage in the middle of a set.	Drummer and guitarist packing their instruments into a tour bus.	contradiction
A man is on the ground while a person on a skateboard talks to them.	A man speaks with a person on a skateboard.	entailment
A happy Woman holding a guitar.	A woman learning how to play guitar.	neutral
Two girls watch an experiment unfold as one of the girls pours a liquid into a beaker.	Two girls are performing a chemical experiment	entailment
Little town and its people on the streets.	There is a massive city.	contradiction
Snowboarding practice on a snowy hillside	Something to do with snowboarding is happening on a hillside covered in snow.	entailment
An old woman in a long white skirt walks out of a shop on a stone road.	An elderly woman wearing a long, white skirt visits shops along a stone road in London.	neutral
A woman in a blue coat and dark boots.	The woman is a model.	neutral
A woman with a bright blue satchel measures the blood pressure of an old woman sitting in a chair.	Two people are playing doctor.	neutral
A woman in sunglasses is brushing her hair back.	A lady is using a hairbrush	entailment
Two men in a graveyard, one digging and the other on a cellphone.	Two males are seen in an area with tombstones.	entailment
A person uses his or her laptop in a kiosk.	A person uses his laptop in his car.	contradiction
The baby in the pink romper is smiling.	The baby is happy.	neutral
A woman is reading a magazine in a reception room.	A woman is standing up at a doctors office.	contradiction
Two dogs play in the grass.	The dogs are playing with each other.	neutral
Two men wearing white, one with a red belt one with a blue belt fight on a blue and red mat with another man refereeing.	Two men in white bathrobes, one with a red belt and one with a blue belt, are relaxing in a sauna.	contradiction
A quarterback hands off the football to a running back.	There are people playing football.	entailment
Wonderful clear skies and beautiful night.	The moon shines down at night.	neutral
A person wearing white socks and black shoes is in front of a microphone.	The man attempts to rally the audience.	neutral
Two men are helping another man cross a stream.	People are outdoor.	entailment
Kids chasing a soccer ball.	Kids running.	entailment
This family needs a rest after their long walk so they stop at the park to feed the pigeons.	The family is on vacation	neutral
An old man with white hair in a red hat	An old man with white hair in a red hat and dirty overalls.	neutral
The young lady, in the black and blue shirt, is blow drying and brushing her hair, while another woman watches.	A lady is getting ready to go out as her friend watches.	neutral
A man sitting in a chair in the middle of a group of people.	A man is telling a story to a group of people.	neutral
Several people on a beach, and a ball.	The team prepare to play a game of volley ball.	neutral
A crowd of people, with a man checking his phone facing you.	A man is trying to see the time	neutral
The lady is walking to class in the snow.	There is a women hurrying to get to class	neutral
Several members of a wedding party, including the bride, are walking past a lamp and some park benches.	The people are walking at a park.	entailment
A man with red and yellow knee high socks, a polka dot short-sleeved button up shirt, suspenders and brown shorts with a design on them is in front of an audience working a strange contraption in his hands.	A woman plays a harp in front of an enthralled audience.	contradiction
Three people are skating around a curved street while onlookers watch them perform.	No one is watching the skaters perform.	contradiction
The graffiti on the wall is bland and tasteless.	The graffiti on the wall is beautiful and full of life.	contradiction
A woman poses with a small girl in front of a flower bush.	A woman poses with a girl.	entailment
A group of small children and an older woman look at statues	People watching at a statue	entailment
Red cross workers and emergency personnel stand next to a wrecked black automobile.	A vehicle has been unharmed in an accident.	contradiction
A man on stage playing guitar.	Music is being performed.	entailment
A group of kids standing outside.	There are kids outdoors.	entailment
A guy on a surfboard.	A man drowning in the ocean with his surfboard.	contradiction
Two women watching a parade.	Two humans watching a parade.	entailment
Two surgeons performing a surgery.	Two doctors doing a heart transplant	neutral
A man dressed in yellow and black is performing a magic trick at a marina.	Sailboats sail in the background as the magician performs.	neutral
Children are playing in a fountain.	Children flying kites.	contradiction
A person wears a mask.	A person is covering their face.	entailment
Teacher explains opportunity to an overweight woman in a yellow shirt.	The male teacher is teaching the class.	neutral
Two children eating food.	Two sisters are eating food	contradiction
Two men boxing in a wired cage.	Someone will win the boxing match.	neutral
A little boy wearing a blue hat and coat is standing amongst the pigeons on the street.	A boy is inside.	contradiction
A man with no shirt and a woman in a bikini in the water looking away from the camera.	Man and woman in swimming clothes.	entailment
A girl kicks a ball with three girls doing the same in the background.	Two of the girls are wearing dresses.	neutral
A tired-looking young asian couple in casual clothes stand outside on a sidewalk with late-afternoon shadows stretching to their left.	A couple stands on a sidewalk.	entailment
Some men are finishing a race.	People finishing a race.	entailment
There are young men playing a game of football, one man has been tackled by another player.	Men are playing soccer in the field.	contradiction
A man in a white shirt walks in the tall grass holding a stick.	The man sits on the ground in his backyard.	contradiction
a band playing a show for a group on fans.	A musical group is heard by people.	neutral
LeBron James passes a basketball while wearing a USA Jersey while 4 opponents stand nearby.	Lebron James is playing basketball.	entailment
Guy in white fuzzy jacket plays guitar while a man in purple button up sings.	Two men are talking	contradiction
A multitude of people in swim-wear play in the water in front of a white wall while people behind a row of bicycles look on.	A group of people play in the water, while other's watch.	entailment
Three women playing volleyball and two are jumping to attempt to block a shot.	the women are tall	entailment
An old man with a mustache is sitting down holding a gun and smiling.	A man has a firearm.	entailment
A woman is looking out of a window while cleaning a broken flower pot.	A woman looks at her evil cat on the floor.	contradiction
Several men climbing a pole as a crowd watches them.	The men are riding bikes.	contradiction
A boy lying on a floral department store couch with his feet in a girl's lap.	A boy is lying on a couch.	entailment
Three people stand in line waiting to buy something to eat at a fair booth selling Martins' Famous Louisiana Sausage's (sic).	Three hungry people at a fair wait for their sausages.	entailment
A man in period clothing stands behind a bar.	A woman is sitting at a table.	contradiction
A large group of close together cyclists in the middle of a road race.	The cyclists are riding the team bus to their race.	contradiction
Two women in white lab coats examine a dyed area on a cluster of cells using a projector.	Two women use a projector.	entailment
Two people leaning over a fence looking at the water.	People are kayaking in the water.	contradiction
A man is reading a newspaper on a subway.	A man is reading a newspaper on a bus.	contradiction
An audacious motorcyclist who is zooming through a racetrack.	There is a motorcylist that is riding fast.	entailment
A picture of a sidewalk in a city with people and cars.	People like picture.	contradiction
A man in a puffy black coat stands near a tree trunk while a woman in a white scarf stands next to him with her head slightly bowed.	two people are near a tree	entailment
Two children kick each other while being suspended from the ceiling.	The two kids hate each other.	neutral
Young Asian girls rest along a river's edge.	The girls rested by the river	entailment
Two kids wearing white robes are practicing martial arts; boy on the left has blond-hair and is blocking a punch thrown by the dark-haired boy on the right.	One of the boys practicing martial arts is wearing a black robe.	contradiction
Multiple race cars seems to need tune ups, two yellow car one white and one black	The race cars are not running at optimum speeds.	entailment
A young man shaves his face, while a girl behind him takes a picture in the mirror.	Two males enjoy shaving each other's bodies.	contradiction
A man standing behind the counter	A man is the cashier in a store.	neutral
Two motorcyclist racing on an inclined track.	Two people on bikes are driving on a track.	entailment
Three football players are tackling a red uniformed football player during a football game.	Four kids are playing basketball.	contradiction
A man in a blue checked shirt is walking on the street with his hand in his pocket, and passing an orange cone.	a man is walking	entailment
A man with black gloves sits on someone's shoulders to take a picture.	The man is short.	neutral
A young woman midair gets ready for an intense tennis match, her partner walks behind her.	A woman and her partner prepare to play tennis.	entailment
A girl jumping into a swimming pool	A girl is taking a swim outside.	entailment
Two female performers are dressed in eccentric clothing, one wearing red and looks un-amused and one wearing blue that looks extremely happy.	Two female performers are dressed in eccentric clothing, one wearing red and looks un-amused and one wearing blue that looks extremely happy.	entailment
The man wearing blue jeans is fishing.	The man is on a boat fishing for sharks.	neutral
A man wearing blue repairs the clay tiles on a roof using a yellow cement.	A man used yellow cement to repair the house from sun.	neutral
Girls with a blue bucket is playing and splashing in the ocean water.	A girl is playing at the beach for the first time.	neutral
